CBC-1-assembly_contig_13:1-40197	NZ_CP106873.1	89.467	5250	20155	25395	1531474	1536691
CBC-1-assembly_contig_13:1-40197	NZ_CP106873.1	75.205	8421	5641	13935	1290880	1299129
CBC-1-assembly_contig_13:1-40197	NZ_CP106873.1	83.300	3527	3664	7168	1526997	1530483
CBC-1-assembly_contig_13:1-40197	NZ_CP106873.1	75.783	6388	13072	19368	1290660	1296915
CBC-1-assembly_contig_13:1-40197	NZ_CP106873.1	84.476	3034	488	3505	1523962	1526976
CBC-1-assembly_contig_13:1-40197	NZ_CP106873.1	81.090	3506	11324	14809	1526998	1530483
CBC-1-assembly_contig_13:1-40197	NZ_CP106873.1	86.906	2505	33570	36049	1541643	1544121
CBC-1-assembly_contig_13:1-40197	NZ_CP106873.1	86.698	2308	37890	40192	1547229	1549522
CBC-1-assembly_contig_13:1-40197	NZ_CP106873.1	76.916	4631	5426	9981	1513786	1518344
CBC-1-assembly_contig_13:1-40197	NZ_CP106873.1	78.260	3620	491	4059	1526998	1530554
CBC-1-assembly_contig_13:1-40197	NZ_CP106873.1	74.812	4923	2339	7167	2042517	2037679
CBC-1-assembly_contig_13:1-40197	NZ_CP106873.1	79.043	3092	3662	6714	1523962	1526996
CBC-1-assembly_contig_13:1-40197	NZ_CP106873.1	78.629	3079	11321	14353	1523962	1526994
CBC-1-assembly_contig_13:1-40197	NZ_CP106873.1	75.146	4116	2	4042	2041670	2037624
CBC-1-assembly_contig_13:1-40197	NZ_CP106873.1	77.016	2976	11432	14354	1521025	1523962
CBC-1-assembly_contig_13:1-40197	NZ_CP106873.1	76.736	2966	599	3506	1521025	1523944
CBC-1-assembly_contig_13:1-40197	NZ_CP106873.1	85.202	1311	27785	29091	1537395	1538677
CBC-1-assembly_contig_13:1-40197	NZ_CP106873.1	84.266	1144	32379	33519	1540399	1541539
CBC-1-assembly_contig_13:1-40197	NZ_CP106873.1	78.617	1735	17588	19298	1513801	1515511
CBC-1-assembly_contig_13:1-40197	NZ_CP106873.1	78.468	1723	17588	19287	1290680	1292382
CBC-1-assembly_contig_13:1-40197	NZ_CP106873.1	78.184	1751	2247	3983	1513790	1515511
CBC-1-assembly_contig_13:1-40197	NZ_CP106873.1	76.480	1875	9871	11718	1528707	1530554
CBC-1-assembly_contig_13:1-40197	NZ_CP106873.1	77.065	1731	9929	11632	1290680	1292383
CBC-1-assembly_contig_13:1-40197	NZ_CP106873.1	76.474	1815	5383	7168	1295089	1296850
CBC-1-assembly_contig_13:1-40197	NZ_CP106873.1	79.037	1350	9862	11195	1522629	1523962
CBC-1-assembly_contig_13:1-40197	NZ_CP106873.1	78.920	1352	17516	18850	1525660	1526994
CBC-1-assembly_contig_13:1-40197	NZ_CP106873.1	75.748	1872	9871	11692	2039475	2037633
CBC-1-assembly_contig_13:1-40197	NZ_CP106873.1	75.645	1745	9911	11642	1513783	1515511
CBC-1-assembly_contig_13:1-40197	NZ_CP106873.1	75.135	1858	17565	19371	2042621	2040790
CBC-1-assembly_contig_13:1-40197	NZ_CP106873.1	75.742	1550	5632	7146	2042407	2040880
CBC-1-assembly_contig_13:1-40197	NZ_CP106873.1	79.349	799	6	796	1291599	1292377
CBC-1-assembly_contig_13:1-40197	NZ_CP106873.1	87.309	457	27315	27769	1536862	1537314
CBC-1-assembly_contig_13:1-40197	NZ_CP106873.1	78.600	757	146	893	1299374	1300111
CBC-1-assembly_contig_13:1-40197	NZ_CP106873.1	78.514	740	3323	4051	1299377	1300099
CBC-1-assembly_contig_13:1-40197	NZ_CP106873.1	82.258	310	6839	7147	1523962	1524270
CBC-1-assembly_contig_13:1-40197	NZ_CP106873.1	77.990	418	39766	40172	552317	551911
CBC-1-assembly_contig_13:1-40197	NZ_CP106873.1	84.756	164	6983	7146	1521058	1521221
CBC-1-assembly_contig_13:1-40197	NZ_CP106873.1	76.471	323	18119	18429	1298807	1299126
CBC-1-assembly_contig_13:1-40197	NZ_CP106873.1	74.266	443	10825	11256	1519197	1519622
CBC-1-assembly_contig_13:1-40197	NZ_CP106873.1	73.799	458	6326	6774	1519189	1519622
CBC-1-assembly_contig_13:1-40197	NZ_CP106873.1	95.556	45	37645	37689	3826287	3826331
CBC-1-assembly_contig_13:1-40197	NZ_CP106873.1	95.556	45	37701	37745	3826287	3826331
CBC-1-assembly_contig_13:1-40197	NZ_CP106873.1	97.619	42	37873	37914	3826291	3826332
CBC-1-assembly_contig_13:1-40197	NZ_CP106873.1	97.561	41	37817	37857	3826291	3826331
CBC-1-assembly_contig_15:1-30650	NZ_CP106873.1	84.714	11108	4	11037	1523307	1512259
CBC-1-assembly_contig_15:1-30650	NZ_CP106873.1	76.997	2278	9	2253	1529377	1527139
CBC-1-assembly_contig_15:1-30650	NZ_CP106873.1	78.316	1568	7797	9336	1530469	1528927
CBC-1-assembly_contig_15:1-30650	NZ_CP106873.1	73.984	2337	14	2318	2038816	2041105
CBC-1-assembly_contig_15:1-30650	NZ_CP106873.1	78.964	1293	8236	9517	1526994	1525713
CBC-1-assembly_contig_15:1-30650	NZ_CP106873.1	72.911	2226	11	2199	1298883	1296719
CBC-1-assembly_contig_15:1-30650	NZ_CP106873.1	84.615	312	7797	8106	1527307	1526998
CBC-1-assembly_contig_15:1-30650	NZ_CP106873.1	83.974	312	7804	8109	1524270	1523962
CBC-1-assembly_contig_15:1-30650	NZ_CP106873.1	93.220	59	16462	16519	1509093	1509036
CBC-1-assembly_contig_22:1-12876	NZ_CP106873.1	78.677	6106	3054	9104	1290880	1296894
CBC-1-assembly_contig_22:1-12876	NZ_CP106873.1	76.816	4460	2998	7389	1513945	1518339
CBC-1-assembly_contig_22:1-12876	NZ_CP106873.1	77.762	2815	2	2783	1292327	1295102
CBC-1-assembly_contig_22:1-12876	NZ_CP106873.1	80.875	2149	8398	10519	1299374	1301501
CBC-1-assembly_contig_22:1-12876	NZ_CP106873.1	78.767	1573	7483	9039	1290824	1292377
CBC-1-assembly_contig_22:1-12876	NZ_CP106873.1	78.439	1512	3049	4556	1295339	1296825
CBC-1-assembly_contig_22:1-12876	NZ_CP106873.1	77.058	1543	3054	4559	2039220	2037700
CBC-1-assembly_contig_22:1-12876	NZ_CP106873.1	76.074	1630	7539	9129	2039220	2037609
CBC-1-assembly_contig_22:1-12876	NZ_CP106873.1	74.881	1680	7481	9116	2042456	2040802
CBC-1-assembly_contig_22:1-12876	NZ_CP106873.1	77.700	1148	2989	4122	1525867	1526994
CBC-1-assembly_contig_22:1-12876	NZ_CP106873.1	75.854	1346	7272	8594	1522626	1523954
CBC-1-assembly_contig_22:1-12876	NZ_CP106873.1	74.017	1551	3043	4559	2042409	2040880
CBC-1-assembly_contig_22:1-12876	NZ_CP106873.1	75.306	1142	2997	4123	1522836	1523962
CBC-1-assembly_contig_22:1-12876	NZ_CP106873.1	81.270	630	3937	4560	1299392	1300015
CBC-1-assembly_contig_22:1-12876	NZ_CP106873.1	84.227	317	4252	4566	1526998	1527306
CBC-1-assembly_contig_22:1-12876	NZ_CP106873.1	82.803	314	4249	4560	1523962	1524270
CBC-1-assembly_contig_22:1-12876	NZ_CP106873.1	92.982	57	2	58	1527250	1527306
CBC-1-assembly_contig_23:1-6497	NZ_CP106873.1	75.448	4631	75	4618	1522910	1518340
CBC-1-assembly_contig_23:1-6497	NZ_CP106873.1	79.302	1604	246	1828	2039371	2040953
CBC-1-assembly_contig_23:1-6497	NZ_CP106873.1	86.258	473	6038	6497	2037624	2038095
CBC-1-assembly_contig_23:1-6497	NZ_CP106873.1	79.006	543	5908	6442	1297034	1296503
CBC-1-assembly_contig_23:1-6497	NZ_CP106873.1	73.118	744	5770	6497	2040537	2041272
CBC-1-assembly_contig_23:1-6497	NZ_CP106873.1	76.200	479	6029	6497	1300099	1299628
CBC-1-assembly_contig_23:1-6497	NZ_CP106873.1	79.195	298	15	312	2042321	2042618
CBC-1-assembly_contig_23:1-6497	NZ_CP106873.1	73.220	295	5275	5561	1522060	1521774
CBC-1-assembly_contig_24:1-3817	NZ_CP106873.1	74.861	3783	71	3807	1299753	1296059
CBC-1-assembly_contig_24:1-3817	NZ_CP106873.1	75.754	2652	709	3326	1526577	1523966
CBC-1-assembly_contig_24:1-3817	NZ_CP106873.1	75.510	343	1	330	2041065	2041406
CBC-1-assembly_contig_25:1-3407	NZ_CP106873.1	79.364	3082	1	3057	2041620	2038573
CBC-1-assembly_contig_25:1-3407	NZ_CP106873.1	76.126	2664	428	3058	1523966	1526577
CBC-1-assembly_contig_25:1-3407	NZ_CP106873.1	75.779	2630	469	3058	1527027	1529610
CBC-1-assembly_contig_25:1-3407	NZ_CP106873.1	75.681	2496	599	3057	1521076	1523543
CBC-1-assembly_contig_25:1-3407	NZ_CP106873.1	73.080	3373	69	3396	1296168	1299453
CBC-1-assembly_contig_26:1-3356	NZ_CP106873.1	83.032	3377	2	3354	2041619	2038261
CBC-1-assembly_contig_26:1-3356	NZ_CP106873.1	76.299	2907	469	3330	1527027	1529892
CBC-1-assembly_contig_26:1-3356	NZ_CP106873.1	75.838	2922	425	3316	1523962	1526840
CBC-1-assembly_contig_26:1-3356	NZ_CP106873.1	74.867	2809	599	3355	1521076	1523847
CBC-1-assembly_contig_26:1-3356	NZ_CP106873.1	74.934	1129	2217	3330	1513814	1514925
CBC-1-assembly_contig_26:1-3356	NZ_CP106873.1	75.761	986	2374	3333	2042428	2041459
CBC-1-assembly_contig_26:1-3356	NZ_CP106873.1	75.586	938	2405	3333	1290881	1291809
CBC-1-assembly_contig_26:1-3356	NZ_CP106873.1	77.650	698	85	775	2038359	2037666
